Query,WorkerNodeNum,Time
Query_1,1,49.86841106414795
Query_2,1,113.68493103981018
Query_3,1,41.036879777908325
Query_1,1,52.80973291397095
SqlQuery_1,1,13.698440313339233
Query_2,1,152.81447458267212
SqlQuery_2,1,135.49235224723816
Query_3,1,65.11574816703796
SqlQuery_3,1,20.166139364242554
