DataStructure,Variant,WorkersNum,Mean
RDD,1,1,1.1534550189971924
RDD,1,2,1.101752471923828
RDD,1,3,1.2479825735092163
RDD,1,4,1.0738351583480834
RDD,1,5,1.0734047651290894
RDD,1,6,1.0363578796386719
RDD,1,7,1.107157588005066
DataFrame,1,1,0.9225053548812866
DataFrame,1,2,0.822759461402893
DataFrame,1,3,0.9378469705581665
DataFrame,1,4,0.9708062410354614
DataFrame,1,5,0.8034405946731568
DataFrame,1,6,0.8257670879364014
DataFrame,1,7,0.7662054300308228
