DataStructure,Variant,WorkersNum,Mean
RDD,1,1,0.8482024431228637
RDD,1,2,0.8086688280105591
RDD,1,3,0.8745376586914062
RDD,1,4,0.7797282934188843
RDD,1,5,0.9067367792129517
RDD,1,6,0.806633186340332
RDD,1,7,0.800520944595337
DataFrame,1,1,2.562646722793579
DataFrame,1,2,2.448776030540466
DataFrame,1,3,2.5877469778060913
DataFrame,1,4,2.4319807291030884
DataFrame,1,5,2.5341213941574097
DataFrame,1,6,2.583537793159485
DataFrame,1,7,2.5193403482437136
